{
    "metadata": {
        "shape": [
            3,
            14,
            3
        ],
        "size": 42,
        "tile_shape": [
            2160,
            3840
        ]
    },
    "coords": {
        "1": [
            325.4874029353718,
            2020.1507657548952
        ],
        "2": [
            296.13158413132123,
            4211.052573972805
        ],
        "3": [
            267.1354126478792,
            6356.4454236627125
        ],
        "4": [
            237.01017833696247,
            8570.763774427698
        ],
        "5": [
            205.0260250440747,
            10799.62481943128
        ],
        "6": [
            181.4433586943801,
            12983.177783110083
        ],
        "7": [
            155.9562036754851,
            15177.929726142482
        ],
        "8": [
            128.66871596374062,
            17420.23886644262
        ],
        "9": [
            98.79816235461497,
            19647.443884693017
        ],
        "10": [
            76.71086500183652,
            21894.275390863375
        ],
        "11": [
            50.38416232210816,
            24072.93575667686
        ],
        "12": [
            30.196663492830517,
            26279.992140613944
        ],
        "13": [
            0.0,
            28489.20186887687
        ],
        "14": [
            1823.5335176459098,
            0.0
        ],
        "15": [
            1797.5433937183122,
            2170.6265052288923
        ],
        "16": [
            1765.4524209095403,
            4389.666547266024
        ],
        "17": [
            1735.17844528661,
            6539.793502638427
        ],
        "18": [
            1705.4955496181979,
            8756.136236093422
        ],
        "19": [
            1676.6302389900777,
            10958.214024580087
        ],
        "20": [
            1653.903321569942,
            13153.612536043844
        ],
        "21": [
            1622.5727777172638,
            15372.786125637045
        ],
        "22": [
            1594.217615973979,
            17582.456437788274
        ],
        "23": [
            1568.3596962520764,
            19808.666774570942
        ],
        "24": [
            1546.7139963829761,
            22040.3167539166
        ],
        "25": [
            1517.3011083492772,
            24258.1101899686
        ],
        "26": [
            1498.951034895999,
            26460.927238062377
        ],
        "27": [
            1476.4882479526934,
            28507.2605047828
        ],
        "28": [
            3285.7394033978503,
            9.848228972720255
        ],
        "29": [
            3254.0432829539504,
            2029.4887995203535
        ],
        "30": [
            3219.5918582497316,
            4236.984713802827
        ],
        "31": [
            3188.083193085929,
            6372.707756926913
        ],
        "32": [
            3156.058067606658,
            8594.850243489775
        ],
        "33": [
            3133.0521270495196,
            10814.608294720783
        ],
        "34": [
            3110.567174825056,
            13011.256955835312
        ],
        "35": [
            3078.3756823504264,
            15208.973904753531
        ],
        "36": [
            3051.181082684747,
            17430.28638607545
        ],
        "37": [
            3019.0766300498162,
            19662.925905099477
        ],
        "38": [
            2999.921941835712,
            21900.851554164536
        ],
        "39": [
            2974.6556058247174,
            24091.445434051206
        ],
        "40": [
            2947.4903745775423,
            26305.681516186436
        ],
        "41": [
            2918.7117563709216,
            28513.17069055583
        ]
    },
    "filenames": {
        "0": "focused_0_0.tiff",
        "1": "focused_0_1.tiff",
        "2": "focused_0_2.tiff",
        "3": "focused_0_3.tiff",
        "4": "focused_0_4.tiff",
        "5": "focused_0_5.tiff",
        "6": "focused_0_6.tiff",
        "7": "focused_0_7.tiff",
        "8": "focused_0_8.tiff",
        "9": "focused_0_9.tiff",
        "10": "focused_0_10.tiff",
        "11": "focused_0_11.tiff",
        "12": "focused_0_12.tiff",
        "13": "focused_0_13.tiff",
        "14": "focused_1_0.tiff",
        "15": "focused_1_1.tiff",
        "16": "focused_1_2.tiff",
        "17": "focused_1_3.tiff",
        "18": "focused_1_4.tiff",
        "19": "focused_1_5.tiff",
        "20": "focused_1_6.tiff",
        "21": "focused_1_7.tiff",
        "22": "focused_1_8.tiff",
        "23": "focused_1_9.tiff",
        "24": "focused_1_10.tiff",
        "25": "focused_1_11.tiff",
        "26": "focused_1_12.tiff",
        "27": "focused_1_13.tiff",
        "28": "focused_2_0.tiff",
        "29": "focused_2_1.tiff",
        "30": "focused_2_2.tiff",
        "31": "focused_2_3.tiff",
        "32": "focused_2_4.tiff",
        "33": "focused_2_5.tiff",
        "34": "focused_2_6.tiff",
        "35": "focused_2_7.tiff",
        "36": "focused_2_8.tiff",
        "37": "focused_2_9.tiff",
        "38": "focused_2_10.tiff",
        "39": "focused_2_11.tiff",
        "40": "focused_2_12.tiff",
        "41": "focused_2_13.tiff"
    }
}